{"background_color":"white","description":"Breizh Secrets, l'application qui te permet de découvrir les secrets de la Bretagne et ce de manière ludique","display":"fullscreen","name":"Breizh Secrets","icons":[{"src":"/assets/icons/android-icon-72x72-1ca913442ffde905bb2d365072d879fa73ffb91ba8bbb7670d064cdb7b3cdd51.png","sizes":"72x72","type":"image/png"},{"src":"/assets/icons/android-icon-192x192-c12326cedd9acd725bd8ec2fd67ee82f477f00c8972ba2606747275f2a806237.png","sizes":"192x192","type":"image/png"},{"src":"/assets/icons/apple-icon-60x60-eb2997eb39cf798445e5ce94655f42d175fae2455a7d72ccd5ebb2fd10989463.png","sizes":"60x60","type":"image/png"},{"src":"/assets/icons/ms-icon-144x144-508981757998df8b6e9ee247d2a02ce4a4a1c5866145ca08593dd07683b3f79f.png","sizes":"144x144","type":"image/png"},{"src":"/assets/icons/favicon-57a944070ef457355ed2c595bd7478a65a1e8fa96de3105def4096dad27d4c86.ico","sizes":"","type":"image/png"},{"src":"/assets/icons/android-icon-36x36-faac9412d1cf0934aa6821618f9d7b1b831014bf545531053994394b02f03330.png","sizes":"36x36","type":"image/png"},{"src":"/assets/icons/favicon-16x16-bed7a3dac6bb184dd5412c669db569207f45bf5ed2156007132a3e48208ab8b3.png","sizes":"16x16","type":"image/png"},{"src":"/assets/icons/favicon-32x32-3872dcb40dc49f5f20344fb36aa93704b34268e25ddb598ff192cf9b2a3289fb.png","sizes":"32x32","type":"image/png"},{"src":"/assets/icons/apple-icon-152x152-bddf79d7a4603dae2c8ad54b5e74c98e09e8f439d28a9fd5f533e9020a5c88b1.png","sizes":"152x152","type":"image/png"},{"src":"/assets/icons/apple-icon-120x120-feafc9ff428cc1b26774de69c800561fde6e2329797c5741335f6efb6686fa9a.png","sizes":"120x120","type":"image/png"},{"src":"/assets/icons/apple-icon-precomposed-f50d9972147c4df73a6b8519308fbb0e30b54dc304de0cd6d235721736dd2fbc.png","sizes":"","type":"image/png"},{"src":"/assets/icons/ms-icon-70x70-77b92fa8b561b739150fd0fd58feb8bc031d71056458d7b7888e84e0cc1a7492.png","sizes":"70x70","type":"image/png"},{"src":"/assets/icons/android-icon-144x144-508981757998df8b6e9ee247d2a02ce4a4a1c5866145ca08593dd07683b3f79f.png","sizes":"144x144","type":"image/png"},{"src":"/assets/icons/apple-icon-114x114-b23d91d31a97eaf912da7e1caf2d630c24ed032868b7989e4c1f04db44c79552.png","sizes":"114x114","type":"image/png"},{"src":"/assets/icons/ms-icon-310x310-c644dd9e2414581ef24b9a0efa6b4783c12a58445efa9aab034280e3087f6942.png","sizes":"310x310","type":"image/png"},{"src":"/assets/icons/favicon-96x96-22bcb7fd0a6831a67a591e409d3d1805cc3db57142502b15eff7ea5dd8830109.png","sizes":"96x96","type":"image/png"},{"src":"/assets/icons/apple-icon-76x76-f2547a469b1f6f8ca2b62e08493e29e88d2680925ed4eb0435a2c9a4d6ba03a0.png","sizes":"76x76","type":"image/png"},{"src":"/assets/icons/android-icon-48x48-eb08e6ea1c3127477d55c08e41d4199edeb3f20c066231526dc1f04e5bbbee19.png","sizes":"48x48","type":"image/png"},{"src":"/assets/icons/ms-icon-150x150-edeb75af0e8658f16409f0c7bc50434906ff838cdf2061ec138209d27fe1e2ce.png","sizes":"150x150","type":"image/png"},{"src":"/assets/icons/apple-icon-f50d9972147c4df73a6b8519308fbb0e30b54dc304de0cd6d235721736dd2fbc.png","sizes":"","type":"image/png"},{"src":"/assets/icons/apple-icon-180x180-0022752f11f632c8b317a49358f7c21ca4f3be6ed902bf1bf619d0f0256ce7a8.png","sizes":"180x180","type":"image/png"},{"src":"/assets/icons/apple-icon-144x144-508981757998df8b6e9ee247d2a02ce4a4a1c5866145ca08593dd07683b3f79f.png","sizes":"144x144","type":"image/png"},{"src":"/assets/icons/apple-icon-57x57-c1bd1f3fc749f6e00c1a18a61244cedef6607f59339fce4986d4e5142641dc8d.png","sizes":"57x57","type":"image/png"},{"src":"/assets/icons/android-icon-96x96-22bcb7fd0a6831a67a591e409d3d1805cc3db57142502b15eff7ea5dd8830109.png","sizes":"96x96","type":"image/png"},{"src":"/assets/icons/icon-512x512-a9c0bbb93ffa66aac69f468d54528dcf67ead2c730c7a7c21e78375db069e1e0.png","sizes":"512x512","type":"image/png"},{"src":"/assets/icons/apple-icon-72x72-1ca913442ffde905bb2d365072d879fa73ffb91ba8bbb7670d064cdb7b3cdd51.png","sizes":"72x72","type":"image/png"}],"start_url":"/"}